X,CH1,Start,Increment,
Sequence,Volt,-5.540000e-07,2.500000e-10,
0,-3.281250e-03,
1,-5.468750e-03,
2,-7.500000e-03,
3,-8.906250e-03,
4,-1.015625e-02,
5,-1.125000e-02,
6,-1.203125e-02,
7,-1.265625e-02,
8,-1.296875e-02,
9,-1.296875e-02,
10,-1.265625e-02,
11,-1.187500e-02,
12,-1.093750e-02,
13,-9.531250e-03,
14,-7.968750e-03,
15,-6.093750e-03,
16,-4.375000e-03,
17,-2.343750e-03,
18,-3.125000e-04,
19,1.875000e-03,
20,3.906250e-03,
21,6.250000e-03,
22,8.125000e-03,
23,1.000000e-02,
24,1.125000e-02,
25,1.234375e-02,
26,1.296875e-02,
27,1.343750e-02,
28,1.359375e-02,
29,1.343750e-02,
30,1.312500e-02,
31,1.234375e-02,
32,1.140625e-02,
33,9.843750e-03,
34,8.281250e-03,
35,6.562500e-03,
36,4.843750e-03,
37,2.812500e-03,
38,1.093750e-03,
39,-1.093750e-03,
40,-2.968750e-03,
41,-5.156250e-03,
42,-7.187500e-03,
43,-9.062500e-03,
44,-1.046875e-02,
45,-1.171875e-02,
46,-1.218750e-02,
47,-1.265625e-02,
48,-1.281250e-02,
49,-1.265625e-02,
50,-1.250000e-02,
51,-1.171875e-02,
52,-1.078125e-02,
53,-9.531250e-03,
54,-7.968750e-03,
55,-5.937500e-03,
56,-4.062500e-03,
57,-1.875000e-03,
58,1.562500e-04,
59,2.500000e-03,
60,4.375000e-03,
61,6.562500e-03,
62,8.281250e-03,
63,1.015625e-02,
64,1.156250e-02,
65,1.265625e-02,
66,1.359375e-02,
67,1.390625e-02,
68,1.375000e-02,
69,1.343750e-02,
70,1.296875e-02,
71,1.218750e-02,
72,1.125000e-02,
73,1.015625e-02,
74,8.750000e-03,
75,7.187500e-03,
76,5.312500e-03,
77,3.125000e-03,
78,1.250000e-03,
79,-7.812500e-04,
80,-2.812500e-03,
81,-5.156250e-03,
82,-7.031250e-03,
83,-8.750000e-03,
84,-1.000000e-02,
85,-1.125000e-02,
86,-1.203125e-02,
87,-1.265625e-02,
88,-1.281250e-02,
89,-1.281250e-02,
90,-1.265625e-02,
91,-1.187500e-02,
92,-1.078125e-02,
93,-9.218750e-03,
94,-7.500000e-03,
95,-5.625000e-03,
96,-3.750000e-03,
97,-1.562500e-03,
98,3.125000e-04,
99,2.343750e-03,
100,4.218750e-03,
101,6.093750e-03,
102,7.968750e-03,
103,9.374999e-03,
104,1.015625e-02,
105,1.062500e-02,
106,1.093750e-02,
107,1.125000e-02,
108,1.078125e-02,
109,9.062500e-03,
110,6.718750e-03,
111,3.906250e-03,
112,1.718750e-03,
113,1.562500e-04,
114,-4.687500e-04,
115,-6.250000e-04,
116,-7.812500e-04,
117,-6.250000e-04,
118,-4.687500e-04,
119,-1.562500e-04,
120,0.000000e+00,
121,1.562500e-04,
122,1.562500e-04,
123,1.562500e-04,
124,0.000000e+00,
125,0.000000e+00,
126,0.000000e+00,
127,0.000000e+00,
128,-1.562500e-04,
129,-3.125000e-04,
130,-3.125000e-04,
131,-3.125000e-04,
132,-6.250000e-04,
133,-9.375000e-04,
134,-1.406250e-03,
135,-1.875000e-03,
136,-2.187500e-03,
137,-2.500000e-03,
138,-2.968750e-03,
139,-3.125000e-03,
140,-3.437500e-03,
141,-3.593750e-03,
142,-3.593750e-03,
143,-3.593750e-03,
144,-3.593750e-03,
145,-3.593750e-03,
146,-3.593750e-03,
147,-3.281250e-03,
148,-3.281250e-03,
149,-3.125000e-03,
150,-2.968750e-03,
151,-2.812500e-03,
152,-2.656250e-03,
153,-2.343750e-03,
154,-2.187500e-03,
155,-1.875000e-03,
156,-1.875000e-03,
157,-1.562500e-03,
158,-1.093750e-03,
159,-4.687500e-04,
160,1.562500e-04,
161,6.250000e-04,
162,7.812500e-04,
163,7.812500e-04,
164,7.812500e-04,
165,7.812500e-04,
166,6.250000e-04,
167,4.687500e-04,
168,3.125000e-04,
169,-1.562500e-04,
170,-4.687500e-04,
171,-7.812500e-04,
172,-1.250000e-03,
173,-1.406250e-03,
174,-1.718750e-03,
175,-2.031250e-03,
176,-2.343750e-03,
177,-2.968750e-03,
178,-3.281250e-03,
179,-3.437500e-03,
180,-3.437500e-03,
181,-3.437500e-03,
182,-3.281250e-03,
183,-2.968750e-03,
184,-2.500000e-03,
185,-2.187500e-03,
186,-2.343750e-03,
187,-2.343750e-03,
188,-2.187500e-03,
189,-1.562500e-03,
190,-9.375000e-04,
191,-4.687500e-04,
192,-3.125000e-04,
193,-6.250000e-04,
194,-9.375000e-04,
195,-1.093750e-03,
196,-1.250000e-03,
197,-1.250000e-03,
198,-1.406250e-03,
199,-1.406250e-03,
200,-1.406250e-03,
201,-1.406250e-03,
202,-1.562500e-03,
203,-1.406250e-03,
204,-1.406250e-03,
205,-1.093750e-03,
206,-1.093750e-03,
207,-9.375000e-04,
208,-1.093750e-03,
209,-1.250000e-03,
210,-1.406250e-03,
211,-1.406250e-03,
212,-1.250000e-03,
213,-1.406250e-03,
214,-1.250000e-03,
215,-1.250000e-03,
216,-1.250000e-03,
217,-1.406250e-03,
218,-1.406250e-03,
219,-1.406250e-03,
220,-1.250000e-03,
221,-9.375000e-04,
222,-7.812500e-04,
223,-9.375000e-04,
224,-9.375000e-04,
225,-1.093750e-03,
226,-1.250000e-03,
227,-1.562500e-03,
228,-1.718750e-03,
229,-1.718750e-03,
230,-1.718750e-03,
231,-1.562500e-03,
232,-1.406250e-03,
233,-1.406250e-03,
234,-1.093750e-03,
235,-7.812500e-04,
236,-7.812500e-04,
237,-1.093750e-03,
238,-1.250000e-03,
239,-1.562500e-03,
240,-1.562500e-03,
241,-1.562500e-03,
242,-1.406250e-03,
243,-1.250000e-03,
244,-1.250000e-03,
245,-1.250000e-03,
246,-1.093750e-03,
247,-1.093750e-03,
248,-9.375000e-04,
249,-1.093750e-03,
250,-1.250000e-03,
251,-1.562500e-03,
252,-1.875000e-03,
253,-1.875000e-03,
254,-1.718750e-03,
255,-1.562500e-03,
256,-1.562500e-03,
257,-1.562500e-03,
258,-1.718750e-03,
259,-1.250000e-03,
260,-7.812500e-04,
261,-4.687500e-04,
262,-4.687500e-04,
263,-7.812500e-04,
264,-1.250000e-03,
265,-1.562500e-03,
266,-1.718750e-03,
267,-1.562500e-03,
268,-1.562500e-03,
269,-1.250000e-03,
270,-1.250000e-03,
271,-1.250000e-03,
272,-1.093750e-03,
273,-1.250000e-03,
274,-1.250000e-03,
275,-1.093750e-03,
276,-9.375000e-04,
277,-9.375000e-04,
278,-7.812500e-04,
279,-6.250000e-04,
280,-6.250000e-04,
281,-7.812500e-04,
282,-9.375000e-04,
283,-6.250000e-04,
284,-4.687500e-04,
285,-6.250000e-04,
286,-7.812500e-04,
287,-7.812500e-04,
288,-9.375000e-04,
289,-9.375000e-04,
290,-1.093750e-03,
291,-1.250000e-03,
292,-1.250000e-03,
293,-1.093750e-03,
294,-9.375000e-04,
295,-9.375000e-04,
296,-9.375000e-04,
297,-7.812500e-04,
298,-9.375000e-04,
299,-7.812500e-04,
300,-7.812500e-04,
301,-7.812500e-04,
302,-9.375000e-04,
303,-9.375000e-04,
304,-9.375000e-04,
305,-9.375000e-04,
306,-7.812500e-04,
307,-7.812500e-04,
308,-7.812500e-04,
309,-7.812500e-04,
310,-7.812500e-04,
311,-7.812500e-04,
312,-9.375000e-04,
313,-9.375000e-04,
314,-1.250000e-03,
315,-1.250000e-03,
316,-1.093750e-03,
317,-9.375000e-04,
318,-9.375000e-04,
319,-9.375000e-04,
320,-9.375000e-04,
321,-1.093750e-03,
322,-1.093750e-03,
323,-9.375000e-04,
324,-7.812500e-04,
325,-7.812500e-04,
326,-6.250000e-04,
327,-6.250000e-04,
328,-4.687500e-04,
329,-7.812500e-04,
330,-1.093750e-03,
331,-1.250000e-03,
332,-1.250000e-03,
333,-1.250000e-03,
334,-1.250000e-03,
335,-1.250000e-03,
336,-1.250000e-03,
337,-1.406250e-03,
338,-1.250000e-03,
339,-9.375000e-04,
340,-9.375000e-04,
341,-7.812500e-04,
342,-1.093750e-03,
343,-1.250000e-03,
344,-1.250000e-03,
345,-1.093750e-03,
346,-7.812500e-04,
347,-6.250000e-04,
348,-7.812500e-04,
349,-7.812500e-04,
350,-9.375000e-04,
351,-9.375000e-04,
352,-1.093750e-03,
353,-9.375000e-04,
354,-9.375000e-04,
355,-7.812500e-04,
356,-7.812500e-04,
357,-7.812500e-04,
358,-1.093750e-03,
359,-1.406250e-03,
360,-1.250000e-03,
361,-1.250000e-03,
362,-9.375000e-04,
363,-6.250000e-04,
364,-6.250000e-04,
365,-6.250000e-04,
366,-7.812500e-04,
367,-1.093750e-03,
368,-1.093750e-03,
369,-1.093750e-03,
370,-9.375000e-04,
371,-7.812500e-04,
372,-9.375000e-04,
373,-1.093750e-03,
374,-1.093750e-03,
375,-9.375000e-04,
376,-6.250000e-04,
377,-4.687500e-04,
378,-6.250000e-04,
379,-7.812500e-04,
380,-7.812500e-04,
381,-7.812500e-04,
382,-7.812500e-04,
383,-9.375000e-04,
384,-9.375000e-04,
385,-9.375000e-04,
386,-9.375000e-04,
387,-9.375000e-04,
388,-1.093750e-03,
389,-1.093750e-03,
390,-1.093750e-03,
391,-1.093750e-03,
392,-7.812500e-04,
393,-7.812500e-04,
394,-9.375000e-04,
395,-7.812500e-04,
396,-9.375000e-04,
397,-9.375000e-04,
398,-9.375000e-04,
399,-7.812500e-04,
400,-7.812500e-04,
401,-6.250000e-04,
402,-6.250000e-04,
403,-7.812500e-04,
404,-1.093750e-03,
405,-1.250000e-03,
406,-1.406250e-03,
407,-1.250000e-03,
408,-1.250000e-03,
409,-9.375000e-04,
410,-7.812500e-04,
411,-7.812500e-04,
412,-9.375000e-04,
413,-9.375000e-04,
414,-9.375000e-04,
415,-9.375000e-04,
416,-9.375000e-04,
417,-1.250000e-03,
418,-1.406250e-03,
419,-1.562500e-03,
420,-1.718750e-03,
421,-1.406250e-03,
422,-1.250000e-03,
423,-1.093750e-03,
424,-9.375000e-04,
425,-7.812500e-04,
426,-7.812500e-04,
427,-6.250000e-04,
428,-7.812500e-04,
429,-6.250000e-04,
430,-7.812500e-04,
431,-7.812500e-04,
432,-7.812500e-04,
433,-7.812500e-04,
434,-6.250000e-04,
435,-6.250000e-04,
436,-9.375000e-04,
437,-1.093750e-03,
438,-1.093750e-03,
439,-1.093750e-03,
440,-9.375000e-04,
441,-7.812500e-04,
442,-6.250000e-04,
443,-6.250000e-04,
444,-7.812500e-04,
445,-7.812500e-04,
446,-7.812500e-04,
447,-6.250000e-04,
448,-6.250000e-04,
449,-7.812500e-04,
450,-7.812500e-04,
451,-7.812500e-04,
452,-9.375000e-04,
453,-9.375000e-04,
454,-1.250000e-03,
455,-1.250000e-03,
456,-1.093750e-03,
457,-7.812500e-04,
458,-6.250000e-04,
459,-4.687500e-04,
460,-7.812500e-04,
461,-9.375000e-04,
462,-9.375000e-04,
463,-1.093750e-03,
464,-1.093750e-03,
465,-1.093750e-03,
466,-1.093750e-03,
467,-1.093750e-03,
468,-1.093750e-03,
469,-1.093750e-03,
470,-9.375000e-04,
471,-9.375000e-04,
472,-9.375000e-04,
473,-1.093750e-03,
474,-1.250000e-03,
475,-1.093750e-03,
476,-9.375000e-04,
477,-7.812500e-04,
478,-7.812500e-04,
479,-6.250000e-04,
480,-6.250000e-04,
481,-6.250000e-04,
482,-6.250000e-04,
483,-7.812500e-04,
484,-9.375000e-04,
485,-1.093750e-03,
486,-1.093750e-03,
487,-1.093750e-03,
488,-1.093750e-03,
489,-1.093750e-03,
490,-1.250000e-03,
491,-1.250000e-03,
492,-1.250000e-03,
493,-1.093750e-03,
494,-9.375000e-04,
495,-9.375000e-04,
496,-7.812500e-04,
497,-9.375000e-04,
498,-1.250000e-03,
499,-1.250000e-03,
500,-1.250000e-03,
501,-1.250000e-03,
502,-1.250000e-03,
503,-1.250000e-03,
504,-1.406250e-03,
505,-1.562500e-03,
506,-1.406250e-03,
507,-9.375000e-04,
508,-7.812500e-04,
509,-7.812500e-04,
510,-1.718750e-03,
511,-3.906250e-03,
512,-6.093750e-03,
513,-8.125000e-03,
514,-9.687500e-03,
515,-1.093750e-02,
516,-1.171875e-02,
517,-1.218750e-02,
518,-1.218750e-02,
519,-1.187500e-02,
520,-1.109375e-02,
521,-9.843750e-03,
522,-8.437499e-03,
523,-6.562500e-03,
524,-4.843750e-03,
525,-2.656250e-03,
526,-6.250000e-04,
527,1.875000e-03,
528,4.062500e-03,
529,6.406250e-03,
530,8.750000e-03,
531,1.125000e-02,
532,1.312500e-02,
533,1.500000e-02,
534,1.640625e-02,
535,1.765625e-02,
536,1.812500e-02,
537,1.812500e-02,
538,1.796875e-02,
539,1.750000e-02,
540,1.671875e-02,
541,1.578125e-02,
542,1.484375e-02,
543,1.375000e-02,
544,1.234375e-02,
545,1.046875e-02,
546,8.593750e-03,
547,6.562500e-03,
548,4.531250e-03,
549,2.343750e-03,
550,3.125000e-04,
551,-1.875000e-03,
552,-3.593750e-03,
553,-5.625000e-03,
554,-7.031250e-03,
555,-8.437499e-03,
556,-9.218750e-03,
557,-1.000000e-02,
558,-1.015625e-02,
559,-1.000000e-02,
560,-9.531250e-03,
561,-8.593750e-03,
562,-7.343750e-03,
563,-5.781250e-03,
564,-4.218750e-03,
565,-2.343750e-03,
566,-4.687500e-04,
567,1.875000e-03,
568,4.062500e-03,
569,6.406250e-03,
570,8.593750e-03,
571,1.062500e-02,
572,1.218750e-02,
573,1.375000e-02,
574,1.500000e-02,
575,1.625000e-02,
576,1.718750e-02,
577,1.796875e-02,
578,1.796875e-02,
579,1.781250e-02,
580,1.718750e-02,
581,1.640625e-02,
582,1.562500e-02,
583,1.453125e-02,
584,1.312500e-02,
585,1.093750e-02,
586,8.437499e-03,
587,5.468750e-03,
588,2.812500e-03,
589,0.000000e+00,
590,-2.343750e-03,
591,-4.531250e-03,
592,-6.250000e-03,
593,-7.968750e-03,
594,-9.531250e-03,
595,-1.093750e-02,
596,-1.187500e-02,
597,-1.250000e-02,
598,-1.250000e-02,
599,-1.203125e-02,
600,-1.140625e-02,
601,-1.046875e-02,
602,-9.531250e-03,
603,-8.281250e-03,
604,-7.031250e-03,
605,-5.312500e-03,
606,-3.125000e-03,
607,-7.812500e-04,
608,1.406250e-03,
609,3.750000e-03,
610,5.781250e-03,
611,7.968750e-03,
612,9.531250e-03,
613,1.125000e-02,
614,1.250000e-02,
615,1.359375e-02,
616,1.406250e-02,
617,1.421875e-02,
618,1.421875e-02,
619,1.421875e-02,
620,1.390625e-02,
621,1.343750e-02,
622,1.250000e-02,
623,1.109375e-02,
624,9.531250e-03,
625,7.656250e-03,
626,5.937500e-03,
627,3.750000e-03,
628,1.875000e-03,
629,-4.687500e-04,
630,-2.656250e-03,
631,-5.000000e-03,
632,-6.875000e-03,
633,-8.750000e-03,
634,-1.015625e-02,
635,-1.109375e-02,
636,-1.171875e-02,
637,-1.234375e-02,
638,-1.250000e-02,
639,-1.250000e-02,
640,-1.187500e-02,
641,-1.093750e-02,
642,-9.843750e-03,
643,-8.281250e-03,
644,-7.031250e-03,
645,-5.312500e-03,
646,-3.437500e-03,
647,-1.250000e-03,
648,9.375000e-04,
649,3.281250e-03,
650,5.468750e-03,
651,7.968750e-03,
652,9.843750e-03,
653,1.140625e-02,
654,1.265625e-02,
655,1.359375e-02,
656,1.406250e-02,
657,1.453125e-02,
658,1.484375e-02,
659,1.484375e-02,
660,1.437500e-02,
661,1.343750e-02,
662,1.250000e-02,
663,1.093750e-02,
664,9.374999e-03,
665,7.343750e-03,
666,5.156250e-03,
667,2.968750e-03,
668,7.812500e-04,
669,-1.250000e-03,
670,-3.125000e-03,
671,-5.000000e-03,
672,-6.562500e-03,
673,-8.281250e-03,
674,-9.843750e-03,
675,-1.125000e-02,
676,-1.218750e-02,
677,-1.281250e-02,
678,-1.296875e-02,
679,-1.281250e-02,
680,-1.203125e-02,
681,-1.125000e-02,
682,-1.000000e-02,
683,-8.750000e-03,
684,-7.343750e-03,
685,-5.468750e-03,
686,-3.750000e-03,
687,-1.406250e-03,
688,7.812500e-04,
689,3.281250e-03,
690,5.312500e-03,
691,7.343750e-03,
692,8.906250e-03,
693,1.062500e-02,
694,1.187500e-02,
695,1.296875e-02,
696,1.359375e-02,
697,1.421875e-02,
698,1.437500e-02,
699,1.437500e-02,
700,1.375000e-02,
701,1.296875e-02,
702,1.203125e-02,
703,1.062500e-02,
704,9.374999e-03,
705,7.343750e-03,
706,5.156250e-03,
707,2.968750e-03,
708,9.375000e-04,
709,-1.250000e-03,
710,-3.125000e-03,
711,-4.843750e-03,
712,-6.562500e-03,
713,-8.437499e-03,
714,-1.031250e-02,
715,-1.156250e-02,
716,-1.234375e-02,
717,-1.281250e-02,
718,-1.296875e-02,
719,-1.250000e-02,
720,-1.187500e-02,
721,-1.093750e-02,
722,-1.000000e-02,
723,-8.593750e-03,
724,-7.343750e-03,
725,-5.468750e-03,
726,-3.281250e-03,
727,-1.093750e-03,
728,1.093750e-03,
729,3.281250e-03,
730,5.156250e-03,
731,7.343750e-03,
732,8.906250e-03,
733,1.046875e-02,
734,1.187500e-02,
735,1.296875e-02,
736,1.375000e-02,
737,1.421875e-02,
738,1.437500e-02,
739,1.421875e-02,
740,1.359375e-02,
741,1.281250e-02,
742,1.187500e-02,
743,1.046875e-02,
744,9.062500e-03,
745,7.187500e-03,
746,5.312500e-03,
747,3.125000e-03,
748,1.250000e-03,
749,-7.812500e-04,
750,-2.812500e-03,
751,-4.843750e-03,
752,-6.875000e-03,
753,-8.593750e-03,
754,-1.000000e-02,
755,-1.109375e-02,
756,-1.171875e-02,
757,-1.218750e-02,
758,-1.250000e-02,
759,-1.265625e-02,
760,-1.234375e-02,
761,-1.140625e-02,
762,-1.015625e-02,
763,-8.437499e-03,
764,-6.875000e-03,
765,-4.687500e-03,
766,-2.812500e-03,
767,-7.812500e-04,
768,1.093750e-03,
769,3.437500e-03,
770,5.468750e-03,
771,7.656250e-03,
772,9.062500e-03,
773,1.062500e-02,
774,1.187500e-02,
775,1.296875e-02,
776,1.359375e-02,
777,1.421875e-02,
778,1.453125e-02,
779,1.437500e-02,
780,1.390625e-02,
781,1.312500e-02,
782,1.203125e-02,
783,1.031250e-02,
784,8.750000e-03,
785,6.875000e-03,
786,5.000000e-03,
787,2.968750e-03,
788,1.093750e-03,
789,-1.093750e-03,
790,-3.281250e-03,
791,-5.156250e-03,
792,-6.718750e-03,
793,-8.281250e-03,
794,-9.687500e-03,
795,-1.078125e-02,
796,-1.156250e-02,
797,-1.203125e-02,
798,-1.218750e-02,
799,-1.218750e-02,
800,-1.171875e-02,
801,-1.093750e-02,
802,-9.687500e-03,
803,-8.125000e-03,
804,-6.562500e-03,
805,-4.687500e-03,
806,-2.812500e-03,
807,-6.250000e-04,
808,1.250000e-03,
809,3.281250e-03,
810,5.156250e-03,
811,7.187500e-03,
812,8.906250e-03,
813,1.062500e-02,
814,1.203125e-02,
815,1.312500e-02,
816,1.375000e-02,
817,1.406250e-02,
818,1.406250e-02,
819,1.390625e-02,
820,1.328125e-02,
821,1.250000e-02,
822,1.171875e-02,
823,1.046875e-02,
824,9.062500e-03,
825,7.187500e-03,
826,5.312500e-03,
827,3.125000e-03,
828,1.250000e-03,
829,-7.812500e-04,
830,-2.500000e-03,
831,-4.531250e-03,
832,-6.250000e-03,
833,-8.125000e-03,
834,-9.843750e-03,
835,-1.140625e-02,
836,-1.218750e-02,
837,-1.265625e-02,
838,-1.281250e-02,
839,-1.250000e-02,
840,-1.187500e-02,
841,-1.093750e-02,
842,-1.000000e-02,
843,-8.593750e-03,
844,-7.187500e-03,
845,-5.156250e-03,
846,-3.125000e-03,
847,-6.250000e-04,
848,1.406250e-03,
849,3.906250e-03,
850,5.937500e-03,
851,7.656250e-03,
852,8.906250e-03,
853,1.015625e-02,
854,1.156250e-02,
855,1.312500e-02,
856,1.421875e-02,
857,1.484375e-02,
858,1.484375e-02,
859,1.437500e-02,
860,1.343750e-02,
861,1.250000e-02,
862,1.140625e-02,
863,1.031250e-02,
864,8.906250e-03,
865,7.031250e-03,
866,5.468750e-03,
867,3.437500e-03,
868,1.406250e-03,
869,-9.375000e-04,
870,-2.968750e-03,
871,-5.156250e-03,
872,-7.031250e-03,
873,-8.750000e-03,
874,-1.000000e-02,
875,-1.093750e-02,
876,-1.140625e-02,
877,-1.203125e-02,
878,-1.250000e-02,
879,-1.265625e-02,
880,-1.234375e-02,
881,-1.140625e-02,
882,-9.843750e-03,
883,-8.125000e-03,
884,-6.562500e-03,
885,-4.687500e-03,
886,-2.812500e-03,
887,-4.687500e-04,
888,1.562500e-03,
889,3.750000e-03,
890,5.625000e-03,
891,7.500000e-03,
892,9.062500e-03,
893,1.062500e-02,
894,1.218750e-02,
895,1.312500e-02,
896,1.390625e-02,
897,1.421875e-02,
898,1.437500e-02,
899,1.406250e-02,
900,1.359375e-02,
901,1.296875e-02,
902,1.203125e-02,
903,1.062500e-02,
904,9.062500e-03,
905,7.031250e-03,
906,5.312500e-03,
907,3.281250e-03,
908,1.093750e-03,
909,-1.406250e-03,
910,-3.437500e-03,
911,-5.468750e-03,
912,-7.031250e-03,
913,-8.593750e-03,
914,-1.000000e-02,
915,-1.109375e-02,
916,-1.187500e-02,
917,-1.234375e-02,
918,-1.250000e-02,
919,-1.218750e-02,
920,-1.171875e-02,
921,-1.078125e-02,
922,-9.843750e-03,
923,-8.593750e-03,
924,-7.187500e-03,
925,-5.312500e-03,
926,-3.281250e-03,
927,-7.812500e-04,
928,1.562500e-03,
929,4.062500e-03,
930,6.093750e-03,
931,7.812500e-03,
932,9.218750e-03,
933,1.062500e-02,
934,1.203125e-02,
935,1.312500e-02,
936,1.375000e-02,
937,1.421875e-02,
938,1.453125e-02,
939,1.437500e-02,
940,1.375000e-02,
941,1.281250e-02,
942,1.187500e-02,
943,1.062500e-02,
944,9.374999e-03,
945,7.187500e-03,
946,5.156250e-03,
947,2.812500e-03,
948,7.812500e-04,
949,-1.250000e-03,
950,-3.281250e-03,
951,-5.156250e-03,
952,-6.718750e-03,
953,-8.281250e-03,
954,-9.687500e-03,
955,-1.078125e-02,
956,-1.156250e-02,
957,-1.218750e-02,
958,-1.234375e-02,
959,-1.234375e-02,
960,-1.171875e-02,
961,-1.093750e-02,
962,-9.843750e-03,
963,-8.437499e-03,
964,-7.031250e-03,
965,-5.156250e-03,
966,-3.125000e-03,
967,-7.812500e-04,
968,1.406250e-03,
969,3.750000e-03,
970,5.625000e-03,
971,7.656250e-03,
972,9.374999e-03,
973,1.109375e-02,
974,1.250000e-02,
975,1.343750e-02,
976,1.406250e-02,
977,1.453125e-02,
978,1.468750e-02,
979,1.453125e-02,
980,1.390625e-02,
981,1.296875e-02,
982,1.203125e-02,
983,1.078125e-02,
984,9.531250e-03,
985,7.656250e-03,
986,5.625000e-03,
987,3.437500e-03,
988,1.406250e-03,
989,-7.812500e-04,
990,-2.656250e-03,
991,-4.687500e-03,
992,-6.406250e-03,
993,-7.968750e-03,
994,-9.531250e-03,
995,-1.093750e-02,
996,-1.187500e-02,
997,-1.250000e-02,
998,-1.250000e-02,
999,-1.234375e-02,
1000,-1.171875e-02,
1001,-1.078125e-02,
1002,-9.687500e-03,
1003,-8.125000e-03,
1004,-6.562500e-03,
1005,-4.687500e-03,
1006,-3.125000e-03,
1007,-1.093750e-03,
1008,9.375000e-04,
1009,3.125000e-03,
1010,5.156250e-03,
1011,7.187500e-03,
1012,8.906250e-03,
1013,1.062500e-02,
1014,1.218750e-02,
1015,1.328125e-02,
1016,1.406250e-02,
1017,1.437500e-02,
1018,1.437500e-02,
1019,1.406250e-02,
1020,1.343750e-02,
1021,1.250000e-02,
1022,1.140625e-02,
1023,1.015625e-02,
1024,8.906250e-03,
1025,7.031250e-03,
1026,5.156250e-03,
1027,2.968750e-03,
1028,1.093750e-03,
1029,-9.375000e-04,
1030,-2.812500e-03,
1031,-5.156250e-03,
1032,-7.031250e-03,
1033,-9.062500e-03,
1034,-1.062500e-02,
1035,-1.203125e-02,
1036,-1.250000e-02,
1037,-1.296875e-02,
1038,-1.281250e-02,
1039,-1.234375e-02,
1040,-1.156250e-02,
1041,-1.078125e-02,
1042,-9.687500e-03,
1043,-8.125000e-03,
1044,-6.562500e-03,
1045,-4.687500e-03,
1046,-2.812500e-03,
1047,-7.812500e-04,
1048,1.250000e-03,
1049,3.281250e-03,
1050,5.312500e-03,
1051,7.500000e-03,
1052,9.218750e-03,
1053,1.078125e-02,
1054,1.203125e-02,
1055,1.296875e-02,
1056,1.359375e-02,
1057,1.406250e-02,
1058,1.437500e-02,
1059,1.421875e-02,
1060,1.359375e-02,
1061,1.265625e-02,
1062,1.171875e-02,
1063,1.031250e-02,
1064,9.062500e-03,
1065,7.187500e-03,
1066,5.312500e-03,
1067,3.125000e-03,
1068,1.093750e-03,
1069,-1.250000e-03,
1070,-3.281250e-03,
1071,-5.156250e-03,
1072,-6.718750e-03,
1073,-8.437499e-03,
1074,-1.000000e-02,
1075,-1.125000e-02,
1076,-1.203125e-02,
1077,-1.250000e-02,
1078,-1.265625e-02,
1079,-1.250000e-02,
1080,-1.187500e-02,
1081,-1.078125e-02,
1082,-9.843750e-03,
1083,-8.281250e-03,
1084,-7.031250e-03,
1085,-5.156250e-03,
1086,-3.125000e-03,
1087,-6.250000e-04,
1088,1.406250e-03,
1089,3.750000e-03,
1090,5.781250e-03,
1091,7.656250e-03,
1092,9.062500e-03,
1093,1.062500e-02,
1094,1.203125e-02,
1095,1.328125e-02,
1096,1.406250e-02,
1097,1.453125e-02,
1098,1.468750e-02,
1099,1.453125e-02,
1100,1.390625e-02,
1101,1.281250e-02,
1102,1.171875e-02,
1103,1.015625e-02,
1104,8.593750e-03,
1105,6.718750e-03,
1106,5.000000e-03,
1107,3.281250e-03,
1108,1.250000e-03,
1109,-9.375000e-04,
1110,-3.125000e-03,
1111,-5.312500e-03,
1112,-7.031250e-03,
1113,-8.750000e-03,
1114,-1.000000e-02,
1115,-1.109375e-02,
1116,-1.187500e-02,
1117,-1.234375e-02,
1118,-1.250000e-02,
1119,-1.234375e-02,
1120,-1.187500e-02,
1121,-1.093750e-02,
1122,-9.687500e-03,
1123,-7.812500e-03,
1124,-6.250000e-03,
1125,-4.218750e-03,
1126,-2.500000e-03,
1127,-4.687500e-04,
1128,1.250000e-03,
1129,3.125000e-03,
1130,5.156250e-03,
1131,7.656250e-03,
1132,9.531250e-03,
1133,1.140625e-02,
1134,1.281250e-02,
1135,1.359375e-02,
1136,1.406250e-02,
1137,1.437500e-02,
1138,1.437500e-02,
1139,1.406250e-02,
1140,1.343750e-02,
1141,1.234375e-02,
1142,1.140625e-02,
1143,1.015625e-02,
1144,8.906250e-03,
1145,7.031250e-03,
1146,5.312500e-03,
1147,3.437500e-03,
1148,1.406250e-03,
1149,-7.812500e-04,
1150,-3.125000e-03,
1151,-5.312500e-03,
1152,-7.031250e-03,
1153,-8.750000e-03,
1154,-1.000000e-02,
1155,-1.140625e-02,
1156,-1.203125e-02,
1157,-1.250000e-02,
1158,-1.265625e-02,
1159,-1.250000e-02,
1160,-1.187500e-02,
1161,-1.109375e-02,
1162,-1.000000e-02,
1163,-8.281250e-03,
1164,-6.718750e-03,
1165,-4.687500e-03,
1166,-2.968750e-03,
1167,-9.375000e-04,
1168,9.375000e-04,
1169,2.968750e-03,
1170,4.843750e-03,
1171,7.031250e-03,
1172,8.750000e-03,
1173,1.078125e-02,
1174,1.250000e-02,
1175,1.375000e-02,
1176,1.421875e-02,
1177,1.421875e-02,
1178,1.421875e-02,
1179,1.421875e-02,
1180,1.375000e-02,
1181,1.312500e-02,
1182,1.218750e-02,
1183,1.078125e-02,
1184,9.374999e-03,
1185,7.187500e-03,
1186,5.156250e-03,
1187,2.968750e-03,
1188,7.812500e-04,
1189,-1.406250e-03,
1190,-3.125000e-03,
1191,-5.000000e-03,
1192,-6.562500e-03,
1193,-8.281250e-03,
1194,-9.843750e-03,
1195,-1.109375e-02,
1196,-1.203125e-02,
1197,-1.281250e-02,
1198,-1.296875e-02,
1199,-1.265625e-02,
1200,-1.218750e-02,
1201,-1.109375e-02,
1202,-1.000000e-02,
1203,-8.437499e-03,
1204,-7.031250e-03,
1205,-5.156250e-03,
1206,-3.125000e-03,
1207,-7.812500e-04,
1208,1.562500e-03,
1209,3.750000e-03,
1210,5.625000e-03,
1211,7.500000e-03,
1212,8.906250e-03,
1213,1.046875e-02,
1214,1.171875e-02,
1215,1.281250e-02,
1216,1.375000e-02,
1217,1.437500e-02,
1218,1.437500e-02,
1219,1.421875e-02,
1220,1.359375e-02,
1221,1.265625e-02,
1222,1.171875e-02,
1223,1.015625e-02,
1224,8.593750e-03,
1225,6.718750e-03,
1226,5.000000e-03,
1227,2.968750e-03,
1228,1.093750e-03,
1229,-7.812500e-04,
1230,-2.812500e-03,
1231,-5.000000e-03,
1232,-6.875000e-03,
1233,-8.593750e-03,
1234,-1.000000e-02,
1235,-1.093750e-02,
1236,-1.171875e-02,
1237,-1.250000e-02,
1238,-1.265625e-02,
1239,-1.234375e-02,
1240,-1.187500e-02,
1241,-1.109375e-02,
1242,-1.031250e-02,
1243,-8.906250e-03,
1244,-7.343750e-03,
1245,-5.156250e-03,
1246,-3.125000e-03,
1247,-7.812500e-04,
1248,1.250000e-03,
1249,3.593750e-03,
1250,5.781250e-03,
1251,7.968750e-03,
1252,9.374999e-03,
1253,1.093750e-02,
1254,1.218750e-02,
1255,1.343750e-02,
1256,1.406250e-02,
1257,1.453125e-02,
1258,1.437500e-02,
1259,1.406250e-02,
1260,1.359375e-02,
1261,1.296875e-02,
1262,1.218750e-02,
1263,1.078125e-02,
1264,9.374999e-03,
1265,7.187500e-03,
1266,5.156250e-03,
1267,3.125000e-03,
1268,1.093750e-03,
1269,-9.375000e-04,
1270,-2.812500e-03,
1271,-4.843750e-03,
1272,-6.406250e-03,
1273,-8.281250e-03,
1274,-9.843750e-03,
1275,-1.140625e-02,
1276,-1.234375e-02,
1277,-1.281250e-02,
1278,-1.281250e-02,
1279,-1.265625e-02,
1280,-1.203125e-02,
1281,-1.109375e-02,
1282,-1.000000e-02,
1283,-8.437499e-03,
1284,-7.031250e-03,
1285,-5.000000e-03,
1286,-2.968750e-03,
1287,-6.250000e-04,
1288,1.250000e-03,
1289,3.437500e-03,
1290,5.156250e-03,
1291,7.031250e-03,
1292,8.593750e-03,
1293,1.031250e-02,
1294,1.187500e-02,
1295,1.328125e-02,
1296,1.406250e-02,
1297,1.437500e-02,
1298,1.437500e-02,
1299,1.406250e-02,
1300,1.343750e-02,
1301,1.265625e-02,
1302,1.203125e-02,
1303,1.109375e-02,
1304,1.000000e-02,
1305,8.125000e-03,
1306,5.468750e-03,
1307,2.500000e-03,
1308,0.000000e+00,
1309,-1.093750e-03,
1310,-1.250000e-03,
1311,-7.812500e-04,
1312,-3.125000e-04,
1313,0.000000e+00,
1314,1.562500e-04,
1315,1.562500e-04,
1316,0.000000e+00,
1317,-1.562500e-04,
1318,-4.687500e-04,
1319,-7.812500e-04,
1320,-1.093750e-03,
1321,-1.250000e-03,
1322,-1.250000e-03,
1323,-1.250000e-03,
1324,-1.250000e-03,
1325,-1.562500e-03,
1326,-2.031250e-03,
1327,-2.500000e-03,
1328,-2.656250e-03,
1329,-2.968750e-03,
1330,-3.125000e-03,
1331,-3.125000e-03,
1332,-3.281250e-03,
1333,-3.437500e-03,
1334,-3.593750e-03,
1335,-3.593750e-03,
1336,-3.437500e-03,
1337,-3.125000e-03,
1338,-3.125000e-03,
1339,-2.968750e-03,
1340,-2.968750e-03,
1341,-2.968750e-03,
1342,-2.968750e-03,
1343,-2.500000e-03,
1344,-2.031250e-03,
1345,-1.406250e-03,
1346,-1.093750e-03,
1347,-9.375000e-04,
1348,-9.375000e-04,
1349,-7.812500e-04,
1350,-4.687500e-04,
1351,0.000000e+00,
1352,0.000000e+00,
1353,1.562500e-04,
1354,3.125000e-04,
1355,3.125000e-04,
1356,1.562500e-04,
1357,0.000000e+00,
1358,-1.562500e-04,
1359,-1.562500e-04,
1360,-3.125000e-04,
1361,-4.687500e-04,
1362,-7.812500e-04,
1363,-1.406250e-03,
1364,-2.031250e-03,
1365,-2.500000e-03,
1366,-2.812500e-03,
1367,-3.125000e-03,
1368,-3.125000e-03,
1369,-3.281250e-03,
1370,-3.437500e-03,
1371,-3.593750e-03,
1372,-3.750000e-03,
1373,-3.750000e-03,
1374,-3.750000e-03,
1375,-3.906250e-03,
1376,-4.062500e-03,
1377,-3.906250e-03,
1378,-3.906250e-03,
1379,-3.437500e-03,
1380,-2.968750e-03,
1381,-2.343750e-03,
1382,-2.187500e-03,
1383,-2.187500e-03,
1384,-2.031250e-03,
1385,-1.562500e-03,
1386,-1.093750e-03,
1387,-4.687500e-04,
1388,-4.687500e-04,
1389,-4.687500e-04,
1390,-7.812500e-04,
1391,-1.093750e-03,
1392,-1.250000e-03,
1393,-1.250000e-03,
1394,-1.250000e-03,
1395,-1.406250e-03,
1396,-1.406250e-03,
1397,-1.406250e-03,
1398,-1.406250e-03,
1399,-1.250000e-03,
1400,-1.250000e-03,
1401,-1.093750e-03,
1402,-1.250000e-03,
1403,-1.406250e-03,
1404,-1.406250e-03,
1405,-1.406250e-03,
1406,-1.562500e-03,
1407,-1.250000e-03,
1408,-1.093750e-03,
1409,-1.093750e-03,
1410,-1.093750e-03,
1411,-1.093750e-03,
1412,-1.093750e-03,
1413,-1.093750e-03,
1414,-1.250000e-03,
1415,-1.406250e-03,
1416,-1.406250e-03,
1417,-1.093750e-03,
1418,-9.375000e-04,
1419,-9.375000e-04,
1420,-9.375000e-04,
1421,-9.375000e-04,
1422,-1.093750e-03,
1423,-1.250000e-03,
1424,-1.406250e-03,
1425,-1.562500e-03,
1426,-1.562500e-03,
1427,-1.562500e-03,
1428,-1.406250e-03,
1429,-1.250000e-03,
1430,-1.250000e-03,
1431,-1.250000e-03,
1432,-1.406250e-03,
1433,-1.406250e-03,
1434,-1.562500e-03,
1435,-1.562500e-03,
1436,-1.562500e-03,
1437,-1.406250e-03,
1438,-1.093750e-03,
1439,-9.375000e-04,
1440,-7.812500e-04,
1441,-9.375000e-04,
1442,-1.250000e-03,
1443,-1.250000e-03,
1444,-1.093750e-03,
1445,-1.093750e-03,
1446,-1.093750e-03,
1447,-1.250000e-03,
1448,-1.093750e-03,
1449,-1.250000e-03,
1450,-1.250000e-03,
1451,-1.250000e-03,
1452,-1.250000e-03,
1453,-9.375000e-04,
1454,-9.375000e-04,
1455,-1.093750e-03,
1456,-1.250000e-03,
1457,-1.250000e-03,
1458,-1.562500e-03,
1459,-1.718750e-03,
1460,-1.875000e-03,
1461,-1.718750e-03,
1462,-1.562500e-03,
1463,-1.250000e-03,
1464,-1.093750e-03,
1465,-9.375000e-04,
1466,-7.812500e-04,
1467,-6.250000e-04,
1468,-6.250000e-04,
1469,-6.250000e-04,
1470,-7.812500e-04,
1471,-1.093750e-03,
1472,-1.250000e-03,
1473,-1.093750e-03,
1474,-9.375000e-04,
1475,-7.812500e-04,
1476,-1.093750e-03,
1477,-1.562500e-03,
1478,-1.718750e-03,
1479,-1.562500e-03,
1480,-1.406250e-03,
1481,-1.093750e-03,
1482,-7.812500e-04,
1483,-7.812500e-04,
1484,-9.375000e-04,
1485,-1.250000e-03,
1486,-1.406250e-03,
1487,-1.250000e-03,
1488,-1.250000e-03,
1489,-1.093750e-03,
1490,-9.375000e-04,
1491,-9.375000e-04,
1492,-1.093750e-03,
1493,-1.093750e-03,
1494,-1.093750e-03,
1495,-1.093750e-03,
1496,-1.093750e-03,
1497,-1.250000e-03,
1498,-1.406250e-03,
1499,-1.406250e-03,
1500,-1.406250e-03,
1501,-1.250000e-03,
1502,-1.250000e-03,
1503,-1.250000e-03,
1504,-1.093750e-03,
1505,-1.093750e-03,
1506,-1.250000e-03,
1507,-1.250000e-03,
1508,-1.250000e-03,
1509,-1.250000e-03,
1510,-1.250000e-03,
1511,-9.375000e-04,
1512,-7.812500e-04,
1513,-6.250000e-04,
1514,-4.687500e-04,
1515,-4.687500e-04,
1516,-6.250000e-04,
1517,-7.812500e-04,
1518,-9.375000e-04,
1519,-1.250000e-03,
1520,-1.406250e-03,
1521,-1.406250e-03,
1522,-1.406250e-03,
1523,-1.093750e-03,
1524,-7.812500e-04,
1525,-6.250000e-04,
1526,-7.812500e-04,
1527,-9.375000e-04,
1528,-1.093750e-03,
1529,-9.375000e-04,
1530,-9.375000e-04,
1531,-6.250000e-04,
1532,-4.687500e-04,
1533,-6.250000e-04,
1534,-7.812500e-04,
1535,-9.375000e-04,
1536,-9.375000e-04,
1537,-9.375000e-04,
1538,-1.093750e-03,
1539,-1.093750e-03,
1540,-1.093750e-03,
1541,-1.093750e-03,
1542,-1.093750e-03,
1543,-1.250000e-03,
1544,-1.406250e-03,
1545,-1.562500e-03,
1546,-1.406250e-03,
1547,-1.406250e-03,
1548,-1.250000e-03,
1549,-1.093750e-03,
1550,-9.375000e-04,
1551,-7.812500e-04,
1552,-7.812500e-04,
1553,-6.250000e-04,
1554,-6.250000e-04,
1555,-9.375000e-04,
1556,-1.093750e-03,
1557,-1.093750e-03,
1558,-1.093750e-03,
1559,-9.375000e-04,
1560,-7.812500e-04,
1561,-7.812500e-04,
1562,-7.812500e-04,
1563,-7.812500e-04,
1564,-9.375000e-04,
1565,-9.375000e-04,
1566,-9.375000e-04,
1567,-1.093750e-03,
1568,-1.093750e-03,
1569,-1.093750e-03,
1570,-9.375000e-04,
1571,-6.250000e-04,
1572,-7.812500e-04,
1573,-7.812500e-04,
1574,-9.375000e-04,
1575,-9.375000e-04,
1576,-7.812500e-04,
1577,-9.375000e-04,
1578,-9.375000e-04,
1579,-9.375000e-04,
1580,-9.375000e-04,
1581,-9.375000e-04,
1582,-9.375000e-04,
1583,-9.375000e-04,
1584,-9.375000e-04,
1585,-1.093750e-03,
1586,-1.250000e-03,
1587,-1.250000e-03,
1588,-1.093750e-03,
1589,-9.375000e-04,
1590,-9.375000e-04,
1591,-9.375000e-04,
1592,-9.375000e-04,
1593,-1.093750e-03,
1594,-1.093750e-03,
1595,-9.375000e-04,
1596,-9.375000e-04,
1597,-9.375000e-04,
1598,-9.375000e-04,
1599,-7.812500e-04,
1600,-6.250000e-04,
1601,-4.687500e-04,
1602,-4.687500e-04,
1603,-7.812500e-04,
1604,-1.093750e-03,
1605,-1.406250e-03,
1606,-1.250000e-03,
1607,-1.093750e-03,
1608,-1.093750e-03,
1609,-9.375000e-04,
1610,-9.375000e-04,
1611,-7.812500e-04,
1612,-7.812500e-04,
1613,-7.812500e-04,
1614,-9.375000e-04,
1615,-9.375000e-04,
1616,-1.250000e-03,
1617,-1.250000e-03,
1618,-1.250000e-03,
1619,-1.250000e-03,
1620,-1.250000e-03,
1621,-1.093750e-03,
1622,-9.375000e-04,
1623,-9.375000e-04,
1624,-1.093750e-03,
1625,-1.093750e-03,
1626,-1.093750e-03,
1627,-9.375000e-04,
1628,-7.812500e-04,
1629,-7.812500e-04,
1630,-7.812500e-04,
1631,-7.812500e-04,
1632,-7.812500e-04,
1633,-6.250000e-04,
1634,-6.250000e-04,
1635,-7.812500e-04,
1636,-7.812500e-04,
1637,-7.812500e-04,
1638,-6.250000e-04,
1639,-6.250000e-04,
1640,-6.250000e-04,
1641,-7.812500e-04,
1642,-9.375000e-04,
1643,-1.093750e-03,
1644,-1.250000e-03,
1645,-1.250000e-03,
1646,-1.250000e-03,
1647,-1.250000e-03,
1648,-1.093750e-03,
1649,-1.093750e-03,
1650,-1.093750e-03,
1651,-1.093750e-03,
1652,-1.250000e-03,
1653,-9.375000e-04,
1654,-9.375000e-04,
1655,-1.093750e-03,
1656,-1.250000e-03,
1657,-1.406250e-03,
1658,-1.562500e-03,
1659,-1.406250e-03,
1660,-1.406250e-03,
1661,-1.250000e-03,
1662,-1.093750e-03,
1663,-7.812500e-04,
1664,-6.250000e-04,
1665,-6.250000e-04,
1666,-7.812500e-04,
1667,-1.093750e-03,
1668,-1.406250e-03,
1669,-1.562500e-03,
1670,-1.406250e-03,
1671,-1.250000e-03,
1672,-1.093750e-03,
1673,-9.375000e-04,
1674,-9.375000e-04,
1675,-7.812500e-04,
1676,-7.812500e-04,
1677,-6.250000e-04,
1678,-6.250000e-04,
1679,-6.250000e-04,
1680,-7.812500e-04,
1681,-1.093750e-03,
1682,-1.093750e-03,
1683,-9.375000e-04,
1684,-7.812500e-04,
1685,-7.812500e-04,
1686,-7.812500e-04,
1687,-7.812500e-04,
1688,-9.375000e-04,
1689,-1.093750e-03,
1690,-1.250000e-03,
1691,-1.093750e-03,
1692,-9.375000e-04,
1693,-9.375000e-04,
1694,-7.812500e-04,
1695,-6.250000e-04,
1696,-4.687500e-04,
1697,-4.687500e-04,
1698,-6.250000e-04,
1699,-7.812500e-04,
1700,-7.812500e-04,
1701,-7.812500e-04,
1702,-9.375000e-04,
1703,-7.812500e-04,
1704,-1.562500e-04,
1705,1.406250e-03,
1706,4.062500e-03,
1707,8.437499e-03,
1708,1.171875e-02,
1709,1.453125e-02,
1710,1.546875e-02,
1711,1.468750e-02,
1712,1.296875e-02,
1713,1.046875e-02,
1714,8.125000e-03,
1715,6.093750e-03,
1716,4.218750e-03,
1717,1.875000e-03,
1718,-1.562500e-04,
1719,-2.031250e-03,
1720,-3.593750e-03,
1721,-5.156250e-03,
1722,-6.718750e-03,
1723,-7.968750e-03,
1724,-8.750000e-03,
1725,-9.687500e-03,
1726,-1.015625e-02,
1727,-1.046875e-02,
1728,-1.046875e-02,
1729,-1.031250e-02,
1730,-9.687500e-03,
1731,-8.281250e-03,
1732,-6.875000e-03,
1733,-5.156250e-03,
1734,-3.437500e-03,
1735,-1.562500e-03,
1736,1.562500e-04,
1737,2.031250e-03,
1738,3.906250e-03,
1739,6.093750e-03,
1740,8.125000e-03,
1741,1.015625e-02,
1742,1.203125e-02,
1743,1.390625e-02,
1744,1.500000e-02,
1745,1.593750e-02,
1746,1.640625e-02,
1747,1.687500e-02,
1748,1.671875e-02,
1749,1.656250e-02,
1750,1.625000e-02,
1751,1.546875e-02,
1752,1.437500e-02,
1753,1.296875e-02,
1754,1.125000e-02,
1755,9.374999e-03,
1756,7.656250e-03,
1757,5.468750e-03,
1758,3.437500e-03,
1759,1.406250e-03,
1760,-6.250000e-04,
1761,-2.812500e-03,
1762,-4.531250e-03,
1763,-6.093750e-03,
1764,-7.500000e-03,
1765,-8.593750e-03,
1766,-9.374999e-03,
1767,-9.843750e-03,
1768,-1.000000e-02,
1769,-1.015625e-02,
1770,-9.843750e-03,
1771,-9.062500e-03,
1772,-7.968750e-03,
1773,-6.406250e-03,
1774,-4.687500e-03,
1775,-2.656250e-03,
1776,-7.812500e-04,
1777,1.406250e-03,
1778,3.281250e-03,
1779,5.468750e-03,
1780,7.343750e-03,
1781,9.687500e-03,
1782,1.203125e-02,
1783,1.437500e-02,
1784,1.593750e-02,
1785,1.718750e-02,
1786,1.734375e-02,
1787,1.671875e-02,
1788,1.562500e-02,
1789,1.468750e-02,
1790,1.390625e-02,
1791,1.296875e-02,
1792,1.203125e-02,
1793,1.062500e-02,
1794,9.218750e-03,
1795,7.343750e-03,
1796,5.312500e-03,
1797,2.968750e-03,
1798,7.812500e-04,
1799,-1.406250e-03,
1800,-3.125000e-03,
1801,-5.156250e-03,
1802,-6.875000e-03,
1803,-8.437499e-03,
1804,-9.843750e-03,
1805,-1.109375e-02,
1806,-1.203125e-02,
1807,-1.281250e-02,
1808,-1.312500e-02,
1809,-1.296875e-02,
1810,-1.250000e-02,
1811,-1.171875e-02,
1812,-1.093750e-02,
1813,-9.843750e-03,
1814,-8.281250e-03,
1815,-6.093750e-03,
1816,-4.062500e-03,
1817,-1.562500e-03,
1818,6.250000e-04,
1819,2.812500e-03,
1820,4.687500e-03,
1821,6.718750e-03,
1822,8.593750e-03,
1823,1.046875e-02,
1824,1.171875e-02,
1825,1.296875e-02,
1826,1.375000e-02,
1827,1.437500e-02,
1828,1.437500e-02,
1829,1.406250e-02,
1830,1.343750e-02,
1831,1.250000e-02,
1832,1.125000e-02,
1833,9.531250e-03,
1834,7.968750e-03,
1835,6.406250e-03,
1836,4.687500e-03,
1837,2.656250e-03,
1838,6.250000e-04,
1839,-1.875000e-03,
1840,-3.906250e-03,
1841,-5.937500e-03,
1842,-7.656250e-03,
1843,-9.374999e-03,
1844,-1.062500e-02,
1845,-1.187500e-02,
1846,-1.265625e-02,
1847,-1.312500e-02,
1848,-1.312500e-02,
1849,-1.296875e-02,
1850,-1.265625e-02,
1851,-1.187500e-02,
1852,-1.078125e-02,
1853,-9.218750e-03,
1854,-7.812500e-03,
1855,-5.937500e-03,
1856,-3.906250e-03,
1857,-1.718750e-03,
1858,4.687500e-04,
1859,3.125000e-03,
1860,5.156250e-03,
1861,7.187500e-03,
1862,8.906250e-03,
1863,1.046875e-02,
1864,1.156250e-02,
1865,1.234375e-02,
1866,1.296875e-02,
1867,1.328125e-02,
1868,1.328125e-02,
1869,1.328125e-02,
1870,1.281250e-02,
1871,1.218750e-02,
1872,1.109375e-02,
1873,9.531250e-03,
1874,7.968750e-03,
1875,6.406250e-03,
1876,4.687500e-03,
1877,2.812500e-03,
1878,7.812500e-04,
1879,-1.406250e-03,
1880,-3.437500e-03,
1881,-5.781250e-03,
1882,-7.656250e-03,
1883,-9.531250e-03,
1884,-1.093750e-02,
1885,-1.218750e-02,
1886,-1.296875e-02,
1887,-1.359375e-02,
1888,-1.359375e-02,
1889,-1.343750e-02,
1890,-1.296875e-02,
1891,-1.234375e-02,
1892,-1.140625e-02,
1893,-1.000000e-02,
1894,-8.281250e-03,
1895,-6.406250e-03,
1896,-4.531250e-03,
1897,-2.500000e-03,
1898,-3.125000e-04,
1899,2.031250e-03,
1900,4.218750e-03,
1901,6.718750e-03,
1902,8.593750e-03,
1903,1.031250e-02,
1904,1.140625e-02,
1905,1.234375e-02,
1906,1.312500e-02,
1907,1.359375e-02,
1908,1.328125e-02,
1909,1.281250e-02,
1910,1.203125e-02,
1911,1.109375e-02,
1912,1.046875e-02,
1913,9.218750e-03,
1914,8.125000e-03,
1915,6.562500e-03,
1916,4.687500e-03,
1917,2.500000e-03,
1918,3.125000e-04,
1919,-2.031250e-03,
1920,-3.906250e-03,
1921,-6.093750e-03,
1922,-7.812500e-03,
1923,-9.374999e-03,
1924,-1.078125e-02,
1925,-1.218750e-02,
1926,-1.312500e-02,
1927,-1.375000e-02,
1928,-1.390625e-02,
1929,-1.375000e-02,
1930,-1.296875e-02,
1931,-1.203125e-02,
1932,-1.093750e-02,
1933,-9.687500e-03,
1934,-8.125000e-03,
1935,-6.406250e-03,
1936,-4.375000e-03,
1937,-2.031250e-03,
1938,1.562500e-04,
1939,2.500000e-03,
1940,4.218750e-03,
1941,6.250000e-03,
1942,8.125000e-03,
1943,9.843750e-03,
1944,1.109375e-02,
1945,1.187500e-02,
1946,1.250000e-02,
1947,1.312500e-02,
1948,1.328125e-02,
1949,1.328125e-02,
1950,1.281250e-02,
1951,1.187500e-02,
1952,1.062500e-02,
1953,9.062500e-03,
1954,7.656250e-03,
1955,6.093750e-03,
1956,4.531250e-03,
1957,2.500000e-03,
1958,-3.906250e-03,
1959,-6.093750e-03,
1960,-3.906250e-03,
1961,-6.093750e-03,
1962,-8.125000e-03,
1963,-9.843750e-03,
1964,-1.109375e-02,
1965,-1.218750e-02,
1966,-1.312500e-02,
1967,-1.375000e-02,
1968,-1.390625e-02,
1969,-1.375000e-02,
1970,-1.328125e-02,
1971,-1.250000e-02,
1972,-1.140625e-02,
1973,-9.687500e-03,
1974,-7.968750e-03,
1975,-5.937500e-03,
1976,-4.062500e-03,
1977,-1.875000e-03,
1978,3.125000e-04,
1979,2.500000e-03,
1980,4.375000e-03,
1981,6.250000e-03,
1982,7.968750e-03,
1983,9.374999e-03,
1984,1.062500e-02,
1985,1.187500e-02,
1986,1.265625e-02,
1987,1.328125e-02,
1988,1.328125e-02,
1989,1.312500e-02,
1990,1.281250e-02,
1991,1.218750e-02,
1992,1.125000e-02,
1993,9.843750e-03,
1994,7.968750e-03,
1995,6.093750e-03,
1996,4.218750e-03,
1997,2.031250e-03,
1998,0.000000e+00,
1999,-2.031250e-03,
2000,-3.906250e-03,
2001,-6.093750e-03,
2002,-7.812500e-03,
2003,-9.374999e-03,
2004,-1.062500e-02,
2005,-1.187500e-02,
2006,-1.250000e-02,
2007,-1.343750e-02,
2008,-1.359375e-02,
2009,-1.375000e-02,
2010,-1.328125e-02,
2011,-1.234375e-02,
2012,-1.109375e-02,
2013,-9.374999e-03,
2014,-7.656250e-03,
2015,-5.781250e-03,
2016,-3.906250e-03,
2017,-1.875000e-03,
2018,3.125000e-04,
2019,2.656250e-03,
2020,4.531250e-03,
2021,6.718750e-03,
2022,8.281250e-03,
2023,9.843750e-03,
2024,1.093750e-02,
2025,1.187500e-02,
2026,1.265625e-02,
2027,1.312500e-02,
2028,1.328125e-02,
2029,1.312500e-02,
2030,1.265625e-02,
2031,1.187500e-02,
2032,1.078125e-02,
2033,9.531250e-03,
2034,8.125000e-03,
2035,6.250000e-03,
2036,4.218750e-03,
2037,2.031250e-03,
2038,-1.562500e-04,
2039,-2.187500e-03,
2040,-3.906250e-03,
2041,-5.781250e-03,
2042,-7.500000e-03,
2043,-9.374999e-03,
2044,-1.062500e-02,
2045,-1.203125e-02,
2046,-1.296875e-02,
2047,-1.359375e-02,
2048,-1.390625e-02,
2049,-1.359375e-02,
2050,-1.281250e-02,
2051,-1.187500e-02,
2052,-1.093750e-02,
2053,-9.531250e-03,
2054,-7.968750e-03,
2055,-5.937500e-03,
2056,-4.062500e-03,
2057,-1.875000e-03,
2058,0.000000e+00,
2059,2.343750e-03,
2060,4.218750e-03,
2061,6.250000e-03,
2062,8.125000e-03,
2063,9.843750e-03,
2064,1.093750e-02,
2065,1.187500e-02,
2066,1.281250e-02,
2067,1.328125e-02,
2068,1.328125e-02,
2069,1.312500e-02,
2070,1.265625e-02,
2071,1.187500e-02,
2072,1.093750e-02,
2073,9.531250e-03,
2074,8.125000e-03,
2075,6.406250e-03,
2076,4.375000e-03,
2077,2.187500e-03,
2078,0.000000e+00,
2079,-2.031250e-03,
2080,-3.906250e-03,
2081,-6.093750e-03,
2082,-8.125000e-03,
2083,-9.843750e-03,
2084,-1.125000e-02,
2085,-1.234375e-02,
2086,-1.312500e-02,
2087,-1.343750e-02,
2088,-1.359375e-02,
2089,-1.375000e-02,
2090,-1.312500e-02,
2091,-1.218750e-02,
2092,-1.093750e-02,
2093,-9.374999e-03,
2094,-7.812500e-03,
2095,-5.781250e-03,
2096,-3.906250e-03,
2097,-1.875000e-03,
2098,3.125000e-04,
2099,2.656250e-03,
2100,4.687500e-03,
2101,6.718750e-03,
2102,8.437499e-03,
2103,1.000000e-02,
2104,1.093750e-02,
2105,1.187500e-02,
2106,1.265625e-02,
2107,1.312500e-02,
2108,1.328125e-02,
2109,1.312500e-02,
2110,1.296875e-02,
2111,1.234375e-02,
2112,1.156250e-02,
2113,9.843750e-03,
2114,7.968750e-03,
2115,5.937500e-03,
2116,4.375000e-03,
2117,2.187500e-03,
2118,3.125000e-04,
2119,-2.031250e-03,
2120,-3.906250e-03,
2121,-5.937500e-03,
2122,-7.968750e-03,
2123,-9.843750e-03,
2124,-1.109375e-02,
2125,-1.218750e-02,
2126,-1.296875e-02,
2127,-1.343750e-02,
2128,-1.359375e-02,
2129,-1.343750e-02,
2130,-1.296875e-02,
2131,-1.234375e-02,
2132,-1.140625e-02,
2133,-1.015625e-02,
2134,-8.437499e-03,
2135,-6.406250e-03,
2136,-4.375000e-03,
2137,-2.031250e-03,
2138,1.562500e-04,
2139,2.343750e-03,
2140,3.906250e-03,
2141,5.937500e-03,
2142,7.968750e-03,
2143,9.531250e-03,
2144,1.078125e-02,
2145,1.171875e-02,
2146,1.250000e-02,
2147,1.312500e-02,
2148,1.328125e-02,
2149,1.328125e-02,
2150,1.281250e-02,
2151,1.171875e-02,
2152,1.078125e-02,
2153,9.374999e-03,
2154,8.125000e-03,
2155,6.718750e-03,
2156,4.843750e-03,
2157,2.656250e-03,
2158,3.125000e-04,
2159,-2.031250e-03,
2160,-4.062500e-03,
2161,-5.937500e-03,
2162,-7.656250e-03,
2163,-9.531250e-03,
2164,-1.078125e-02,
2165,-1.203125e-02,
2166,-1.281250e-02,
2167,-1.343750e-02,
2168,-1.359375e-02,
2169,-1.328125e-02,
2170,-1.265625e-02,
2171,-1.187500e-02,
2172,-1.078125e-02,
2173,-9.374999e-03,
2174,-7.812500e-03,
2175,-6.093750e-03,
2176,-4.375000e-03,
2177,-2.187500e-03,
2178,0.000000e+00,
2179,2.500000e-03,
2180,4.375000e-03,
2181,6.718750e-03,
2182,8.593750e-03,
2183,1.046875e-02,
2184,1.156250e-02,
2185,1.234375e-02,
2186,1.296875e-02,
2187,1.328125e-02,
2188,1.343750e-02,
2189,1.328125e-02,
2190,1.265625e-02,
2191,1.171875e-02,
2192,1.078125e-02,
2193,9.374999e-03,
2194,8.125000e-03,
2195,6.406250e-03,
2196,4.687500e-03,
2197,2.656250e-03,
2198,4.687500e-04,
2199,-1.718750e-03,
2200,-3.593750e-03,
2201,-5.625000e-03,
2202,-7.500000e-03,
2203,-9.218750e-03,
2204,-1.062500e-02,
2205,-1.203125e-02,
2206,-1.265625e-02,
2207,-1.312500e-02,
2208,-1.328125e-02,
2209,-1.312500e-02,
2210,-1.265625e-02,
2211,-1.187500e-02,
2212,-1.093750e-02,
2213,-9.687500e-03,
2214,-8.125000e-03,
2215,-6.406250e-03,
2216,-4.531250e-03,
2217,-2.343750e-03,
2218,-1.562500e-04,
2219,2.187500e-03,
2220,4.375000e-03,
2221,6.406250e-03,
2222,8.125000e-03,
2223,9.687500e-03,
2224,1.093750e-02,
2225,1.218750e-02,
2226,1.312500e-02,
2227,1.375000e-02,
2228,1.359375e-02,
2229,1.312500e-02,
2230,1.265625e-02,
2231,1.171875e-02,
2232,1.078125e-02,
2233,9.531250e-03,
2234,8.125000e-03,
2235,6.562500e-03,
2236,4.843750e-03,
2237,2.812500e-03,
2238,7.812500e-04,
2239,-1.562500e-03,
2240,-3.593750e-03,
2241,-5.937500e-03,
2242,-7.968750e-03,
2243,-9.687500e-03,
2244,-1.109375e-02,
2245,-1.218750e-02,
2246,-1.281250e-02,
2247,-1.312500e-02,
2248,-1.296875e-02,
2249,-1.281250e-02,
2250,-1.218750e-02,
2251,-1.171875e-02,
2252,-1.093750e-02,
2253,-9.531250e-03,
2254,-7.968750e-03,
2255,-5.937500e-03,
2256,-3.906250e-03,
2257,-1.562500e-03,
2258,6.250000e-04,
2259,2.968750e-03,
2260,4.843750e-03,
2261,6.562500e-03,
2262,8.125000e-03,
2263,9.687500e-03,
2264,1.109375e-02,
2265,1.234375e-02,
2266,1.296875e-02,
2267,1.343750e-02,
2268,1.328125e-02,
2269,1.312500e-02,
2270,1.265625e-02,
2271,1.171875e-02,
2272,1.078125e-02,
2273,9.531250e-03,
2274,8.125000e-03,
2275,6.406250e-03,
2276,4.531250e-03,
2277,2.500000e-03,
2278,4.687500e-04,
2279,-1.875000e-03,
2280,-3.906250e-03,
2281,-5.937500e-03,
2282,-7.812500e-03,
2283,-9.531250e-03,
2284,-1.093750e-02,
2285,-1.218750e-02,
2286,-1.296875e-02,
2287,-1.359375e-02,
2288,-1.375000e-02,
2289,-1.359375e-02,
2290,-1.328125e-02,
2291,-1.234375e-02,
2292,-1.093750e-02,
2293,-9.374999e-03,
2294,-7.656250e-03,
2295,-5.937500e-03,
2296,-4.218750e-03,
2297,-2.031250e-03,
2298,0.000000e+00,
2299,2.500000e-03,
2300,4.531250e-03,
2301,6.718750e-03,
2302,8.437499e-03,
2303,1.000000e-02,
2304,1.109375e-02,
2305,1.218750e-02,
2306,1.281250e-02,
2307,1.343750e-02,
2308,1.343750e-02,
2309,1.312500e-02,
2310,1.265625e-02,
2311,1.187500e-02,
2312,1.093750e-02,
2313,9.531250e-03,
2314,8.281250e-03,
2315,6.718750e-03,
2316,4.843750e-03,
2317,2.656250e-03,
2318,4.687500e-04,
2319,-1.875000e-03,
2320,-3.906250e-03,
2321,-6.093750e-03,
2322,-7.968750e-03,
2323,-9.843750e-03,
2324,-1.109375e-02,
2325,-1.218750e-02,
2326,-1.296875e-02,
2327,-1.343750e-02,
2328,-1.359375e-02,
2329,-1.328125e-02,
2330,-1.250000e-02,
2331,-1.171875e-02,
2332,-1.062500e-02,
2333,-9.062500e-03,
2334,-7.656250e-03,
2335,-6.093750e-03,
2336,-4.531250e-03,
2337,-2.343750e-03,
2338,-3.125000e-04,
2339,2.031250e-03,
2340,4.062500e-03,
2341,6.093750e-03,
2342,7.968750e-03,
2343,9.843750e-03,
2344,1.109375e-02,
2345,1.234375e-02,
2346,1.312500e-02,
2347,1.375000e-02,
2348,1.375000e-02,
2349,1.359375e-02,
2350,1.296875e-02,
2351,1.187500e-02,
2352,1.078125e-02,
2353,9.374999e-03,
2354,8.125000e-03,
2355,6.875000e-03,
2356,5.156250e-03,
2357,2.812500e-03,
2358,4.687500e-04,
2359,-1.875000e-03,
2360,-3.750000e-03,
2361,-5.781250e-03,
2362,-7.500000e-03,
2363,-9.062500e-03,
2364,-1.046875e-02,
2365,-1.187500e-02,
2366,-1.281250e-02,
2367,-1.328125e-02,
2368,-1.343750e-02,
2369,-1.343750e-02,
2370,-1.296875e-02,
2371,-1.218750e-02,
2372,-1.093750e-02,
2373,-9.218750e-03,
2374,-7.500000e-03,
2375,-5.625000e-03,
2376,-3.906250e-03,
2377,-1.875000e-03,
2378,4.687500e-04,
2379,2.656250e-03,
2380,4.531250e-03,
2381,6.562500e-03,
2382,8.281250e-03,
2383,1.000000e-02,
2384,1.125000e-02,
2385,1.250000e-02,
2386,1.328125e-02,
2387,1.375000e-02,
2388,1.375000e-02,
2389,1.343750e-02,
2390,1.312500e-02,
2391,1.218750e-02,
2392,1.109375e-02,
2393,9.531250e-03,
2394,7.968750e-03,
2395,6.406250e-03,
2396,4.687500e-03,
2397,2.812500e-03,
2398,9.375000e-04,
2399,-1.250000e-03,
2400,-3.281250e-03,
2401,-5.468750e-03,
2402,-7.656250e-03,
2403,-9.374999e-03,
2404,-1.062500e-02,
2405,-1.203125e-02,
2406,-1.265625e-02,
2407,-1.312500e-02,
2408,-1.328125e-02,
2409,-1.296875e-02,
2410,-1.281250e-02,
2411,-1.203125e-02,
2412,-1.109375e-02,
2413,-9.531250e-03,
2414,-8.125000e-03,
2415,-6.093750e-03,
2416,-4.375000e-03,
2417,-2.031250e-03,
2418,1.562500e-04,
2419,2.500000e-03,
2420,4.531250e-03,
2421,6.718750e-03,
2422,8.750000e-03,
2423,1.062500e-02,
2424,1.187500e-02,
2425,1.265625e-02,
2426,1.296875e-02,
2427,1.312500e-02,
2428,1.296875e-02,
2429,1.296875e-02,
2430,1.265625e-02,
2431,1.187500e-02,
2432,1.109375e-02,
2433,9.687500e-03,
2434,8.437499e-03,
2435,6.718750e-03,
2436,4.843750e-03,
2437,2.812500e-03,
2438,9.375000e-04,
2439,-1.250000e-03,
2440,-3.125000e-03,
2441,-5.312500e-03,
2442,-7.343750e-03,
2443,-9.374999e-03,
2444,-1.078125e-02,
2445,-1.203125e-02,
2446,-1.281250e-02,
2447,-1.359375e-02,
2448,-1.375000e-02,
2449,-1.359375e-02,
2450,-1.296875e-02,
2451,-1.203125e-02,
2452,-1.078125e-02,
2453,-9.218750e-03,
2454,-7.656250e-03,
2455,-5.781250e-03,
2456,-4.062500e-03,
2457,-2.031250e-03,
2458,-1.562500e-04,
2459,2.187500e-03,
2460,4.375000e-03,
2461,6.562500e-03,
2462,8.593750e-03,
2463,1.031250e-02,
2464,1.156250e-02,
2465,1.250000e-02,
2466,1.328125e-02,
2467,1.375000e-02,
2468,1.359375e-02,
2469,1.312500e-02,
2470,1.265625e-02,
2471,1.187500e-02,
2472,1.125000e-02,
2473,1.000000e-02,
2474,8.750000e-03,
2475,7.031250e-03,
2476,5.156250e-03,
2477,2.968750e-03,
2478,7.812500e-04,
2479,-1.562500e-03,
2480,-3.750000e-03,
2481,-5.937500e-03,
2482,-8.125000e-03,
2483,-1.000000e-02,
2484,-1.140625e-02,
2485,-1.234375e-02,
2486,-1.265625e-02,
2487,-1.312500e-02,
2488,-1.328125e-02,
2489,-1.312500e-02,
2490,-1.250000e-02,
2491,-1.171875e-02,
2492,-1.062500e-02,
2493,-9.374999e-03,
2494,-7.968750e-03,
2495,-6.093750e-03,
2496,-4.218750e-03,
2497,-2.187500e-03,
2498,0.000000e+00,
2499,2.187500e-03,
2500,4.218750e-03,
2501,6.562500e-03,
2502,8.593750e-03,
2503,1.015625e-02,
2504,1.140625e-02,
2505,1.250000e-02,
2506,1.296875e-02,
2507,1.281250e-02,
2508,1.281250e-02,
2509,1.250000e-02,
2510,1.171875e-02,
2511,9.374999e-03,
2512,6.718750e-03,
2513,3.281250e-03,
2514,9.375000e-04,
2515,-3.125000e-04,
2516,-6.250000e-04,
2517,-6.250000e-04,
2518,-4.687500e-04,
2519,-3.125000e-04,
2520,-1.562500e-04,
2521,0.000000e+00,
2522,3.125000e-04,
2523,6.250000e-04,
2524,4.687500e-04,
2525,3.125000e-04,
2526,1.562500e-04,
2527,0.000000e+00,
2528,0.000000e+00,
2529,-3.125000e-04,
2530,-6.250000e-04,
2531,-9.375000e-04,
2532,-1.250000e-03,
2533,-1.406250e-03,
2534,-1.718750e-03,
2535,-2.031250e-03,
2536,-2.343750e-03,
2537,-2.656250e-03,
2538,-2.968750e-03,
2539,-3.281250e-03,
2540,-3.593750e-03,
2541,-3.750000e-03,
2542,-3.750000e-03,
2543,-3.593750e-03,
2544,-3.593750e-03,
2545,-3.750000e-03,
2546,-3.906250e-03,
2547,-3.906250e-03,
2548,-3.750000e-03,
2549,-3.437500e-03,
2550,-3.125000e-03,
2551,-2.968750e-03,
2552,-2.656250e-03,
2553,-2.343750e-03,
2554,-2.031250e-03,
2555,-1.718750e-03,
2556,-1.406250e-03,
2557,-9.375000e-04,
2558,-4.687500e-04,
2559,0.000000e+00,
2560,3.125000e-04,
2561,6.250000e-04,
2562,7.812500e-04,
2563,9.375000e-04,
2564,1.093750e-03,
2565,1.093750e-03,
2566,9.375000e-04,
2567,6.250000e-04,
2568,3.125000e-04,
2569,-1.562500e-04,
2570,-6.250000e-04,
2571,-9.375000e-04,
2572,-1.562500e-03,
2573,-2.031250e-03,
2574,-2.343750e-03,
2575,-2.656250e-03,
2576,-2.812500e-03,
2577,-2.968750e-03,
2578,-3.125000e-03,
2579,-3.281250e-03,
2580,-3.437500e-03,
2581,-3.437500e-03,
2582,-3.593750e-03,
2583,-3.750000e-03,
2584,-3.593750e-03,
2585,-3.281250e-03,
2586,-3.125000e-03,
2587,-2.656250e-03,
2588,-2.500000e-03,
2589,-2.187500e-03,
2590,-1.875000e-03,
2591,-1.406250e-03,
2592,-1.093750e-03,
2593,-6.250000e-04,
2594,-7.812500e-04,
2595,-7.812500e-04,
2596,-1.093750e-03,
2597,-1.250000e-03,
2598,-1.250000e-03,
2599,-1.093750e-03,
2600,-1.250000e-03,
2601,-1.250000e-03,
2602,-1.250000e-03,
2603,-1.406250e-03,
2604,-1.406250e-03,
2605,-1.406250e-03,
2606,-1.406250e-03,
2607,-1.250000e-03,
2608,-1.093750e-03,
2609,-1.250000e-03,
2610,-1.250000e-03,
2611,-1.250000e-03,
2612,-1.250000e-03,
2613,-1.093750e-03,
2614,-9.375000e-04,
2615,-9.375000e-04,
2616,-1.093750e-03,
2617,-1.250000e-03,
2618,-1.406250e-03,
2619,-1.406250e-03,
2620,-1.406250e-03,
2621,-1.406250e-03,
2622,-1.406250e-03,
2623,-1.406250e-03,
2624,-1.406250e-03,
2625,-1.406250e-03,
2626,-1.562500e-03,
2627,-1.406250e-03,
2628,-1.406250e-03,
2629,-1.250000e-03,
2630,-1.250000e-03,
2631,-1.406250e-03,
2632,-1.406250e-03,
2633,-1.406250e-03,
2634,-1.406250e-03,
2635,-1.250000e-03,
2636,-1.250000e-03,
2637,-1.093750e-03,
2638,-1.093750e-03,
2639,-1.093750e-03,
2640,-1.093750e-03,
2641,-1.250000e-03,
2642,-1.406250e-03,
2643,-1.406250e-03,
2644,-1.406250e-03,
2645,-1.250000e-03,
2646,-1.093750e-03,
2647,-1.093750e-03,
2648,-1.250000e-03,
2649,-1.250000e-03,
2650,-1.406250e-03,
2651,-1.406250e-03,
2652,-1.562500e-03,
2653,-1.562500e-03,
2654,-1.406250e-03,
2655,-1.250000e-03,
2656,-1.093750e-03,
2657,-9.375000e-04,
2658,-9.375000e-04,
2659,-1.093750e-03,
2660,-1.093750e-03,
2661,-1.093750e-03,
2662,-1.093750e-03,
2663,-1.093750e-03,
2664,-1.093750e-03,
2665,-1.093750e-03,
2666,-1.093750e-03,
2667,-9.375000e-04,
2668,-9.375000e-04,
2669,-9.375000e-04,
2670,-1.093750e-03,
2671,-1.250000e-03,
2672,-1.093750e-03,
2673,-7.812500e-04,
2674,-6.250000e-04,
2675,-6.250000e-04,
2676,-6.250000e-04,
2677,-6.250000e-04,
2678,-6.250000e-04,
2679,-7.812500e-04,
2680,-9.375000e-04,
2681,-9.375000e-04,
2682,-1.093750e-03,
2683,-9.375000e-04,
2684,-7.812500e-04,
2685,-6.250000e-04,
2686,-6.250000e-04,
2687,-7.812500e-04,
2688,-1.093750e-03,
2689,-1.250000e-03,
2690,-1.250000e-03,
2691,-1.093750e-03,
2692,-9.375000e-04,
2693,-9.375000e-04,
2694,-7.812500e-04,
2695,-7.812500e-04,
2696,-9.375000e-04,
2697,-9.375000e-04,
2698,-1.250000e-03,
2699,-1.250000e-03,
2700,-1.093750e-03,
2701,-9.375000e-04,
2702,-1.093750e-03,
2703,-1.250000e-03,
2704,-1.250000e-03,
2705,-1.250000e-03,
2706,-1.093750e-03,
2707,-7.812500e-04,
2708,-7.812500e-04,
2709,-7.812500e-04,
2710,-9.375000e-04,
2711,-7.812500e-04,
2712,-6.250000e-04,
2713,-9.375000e-04,
2714,-1.093750e-03,
2715,-1.406250e-03,
2716,-1.562500e-03,
2717,-1.406250e-03,
2718,-1.250000e-03,
2719,-1.093750e-03,
2720,-9.375000e-04,
2721,-9.375000e-04,
2722,-9.375000e-04,
2723,-1.093750e-03,
2724,-1.093750e-03,
2725,-1.093750e-03,
2726,-1.093750e-03,
2727,-9.375000e-04,
2728,-7.812500e-04,
2729,-9.375000e-04,
2730,-9.375000e-04,
2731,-1.093750e-03,
2732,-1.093750e-03,
2733,-9.375000e-04,
2734,-9.375000e-04,
2735,-9.375000e-04,
2736,-9.375000e-04,
2737,-9.375000e-04,
2738,-7.812500e-04,
2739,-7.812500e-04,
2740,-6.250000e-04,
2741,-6.250000e-04,
2742,-6.250000e-04,
2743,-9.375000e-04,
2744,-1.093750e-03,
2745,-1.250000e-03,
2746,-1.250000e-03,
2747,-1.250000e-03,
2748,-1.406250e-03,
2749,-1.250000e-03,
2750,-1.093750e-03,
2751,-9.375000e-04,
2752,-9.375000e-04,
2753,-9.375000e-04,
2754,-1.093750e-03,
2755,-1.093750e-03,
2756,-1.250000e-03,
2757,-1.093750e-03,
2758,-9.375000e-04,
2759,-6.250000e-04,
2760,-7.812500e-04,
2761,-1.250000e-03,
2762,-1.406250e-03,
2763,-1.562500e-03,
2764,-1.562500e-03,
2765,-1.250000e-03,
2766,-9.375000e-04,
2767,-6.250000e-04,
2768,-6.250000e-04,
2769,-6.250000e-04,
2770,-7.812500e-04,
2771,-9.375000e-04,
2772,-1.250000e-03,
2773,-1.250000e-03,
2774,-1.250000e-03,
2775,-1.093750e-03,
2776,-9.375000e-04,
2777,-7.812500e-04,
2778,-7.812500e-04,
2779,-7.812500e-04,
2780,-7.812500e-04,
2781,-9.375000e-04,
2782,-1.093750e-03,
2783,-9.375000e-04,
2784,-7.812500e-04,
2785,-9.375000e-04,
2786,-9.375000e-04,
2787,-1.093750e-03,
2788,-1.250000e-03,
2789,-1.250000e-03,
2790,-1.250000e-03,
2791,-1.250000e-03,
2792,-1.093750e-03,
2793,-9.375000e-04,
2794,-9.375000e-04,
2795,-9.375000e-04,
2796,-9.375000e-04,
2797,-7.812500e-04,
2798,-7.812500e-04,
2799,-7.812500e-04,
